Symbol,Name,Operating CF TTM,Investing CF TTM,Financing CF TTM,FCF TTM,CAPEX TTM
GP,GRAMEENPHONE LTD,60469563000.0,-15675706000.0,-50841166000.0,44507532000.0,15962031000.0
SQURPHARMA,SQUARE PHARMACEUTICALS PLC,19119455643.0,-7128252043.0,-10271468089.0,13589388950.0,5530066698.0
BATBC,BRITISH AMERICAN TOBACCO BANGLADESH CO LTD,13463358000.0,-4224285000.0,-397520000.000001,9204003000.0,4259354999.9999995
ROBI,ROBI AXIATA PLC,46389424000.0,-20839061000.0,-25657017000.0,25361533000.0,21027891000.0
BRACBANK,BRAC BANK LTD,28539565350.0,-237992355369.0,193714950363.0,22193297070.0,6346268284.0
WALTONHIL,WALTON HI-TECH INDUSTRIES PLC ,5146209046.0,-3887630111.0,-4164315442.0,1124105210.0,4022149444.0
BEXIMCO,BEXIMCO LTD,-1532869441.0,4655072208.0,-4951052711.0,-1767593380.0,234723942.0
MARICO,MARICO BANGLADESH LTD,4606300714.0,3698427781.0,-7099895127.0,4437769890.0,176244708.0
UPGDCL,UNITED POWER GENERATION AND DISTRIBUTION COMPANY LTD ,3848746444.0,-11780430136.0,8338685643.000001,3210836360.0,637910086.0
BERGERPBL,BERGER PAINTS BANGLADESH LTD,2087202000.0000002,-1085778000.0,-1783654000.0,825522000.0,1261680000.0
ISLAMIBANK,ISLAMI BANK BANGLADESH PLC,,,,,
LHB,LAFARGEHOLCIM BANGLADESH PLC ,7243970000.0,-1552646000.0,-4714180000.0,5685418000.0,1571559000.0
RENATA,RENATA PLC,4729134327.0,-5785280521.0,1173290204.0,-988468180.0,5717602512.0
BXPHARMA,BEXIMCO PHARMACEUTICALS LTD ,6632667681.0,-3134107971.0,-2951411537.0,4095919910.0,2727966323.0
UNILEVERCL,UNILEVER CONSUMER CARE LTD,,,,,
ICB,INVESTMENT CORPORATION OF BANGLADESH I.C.B.,25505454730.0,-22719521377.0,-2178810960.0,,0.0
DUTCHBANGL,DUTCH-BANGLA BANK PLC,22501899958.0,-99707458213.0,79937870627.0,18758729870.0,3743170087.0
EBL,EASTERN BANK PLC,14208436639.0,-125181010983.0,107532490192.0,13625644620.0,582792017.0
PUBALIBANK,PUBALI BANK PLC,24173357607.0,-170572357154.0,148010109300.0,21269568710.0,2903788895.0
CITYBANK,CITY BANK PLC,14162913354.0,-67197477101.0,170151845174.0,12219628480.0,1943284876.0
OLYMPIC,OLYMPIC INDUSTRIES PLC.,4254047963.0,-1161484390.0,-801302884.0,3225559720.0,1028488241.9999999
PRIMEBANK,PRIME BANK PLC,15963547452.0,-78169465203.0,62007774667.0,14889533810.0,1074013646.0
MJLBD,MJL BANGLADESH PLC,2469997693.0,-4846349332.0,3033530461.0,-2125965800.0,4595963489.0
POWERGRID,POWER GRID COMPANY OF BANGLADESH LTD,18458136751.0,-93108402801.0,69073936069.0,-70150266050.0,88608402801.0
BSCPLC,BANGLADESH SUBMARINE CABLES PLC,2338088954.0,-2160254505.0,-474977964.0,,0.0
BEACONPHAR,BEACON PHARMACEUTICALS PLC,,,,,
BSRMLTD,BANGLADESH STEEL RE-ROLLING MILLS LTD,8180739749.0,-717075570.0,-7523112527.0,6844379020.0,1336920287.0
BSRMSTEEL,BSRM STEELS LTD,9668039710.0,-1603956777.0,-12824149297.0,-12768090220.0,22436129934.0
BANKASIA,BANK ASIA PLC,12406743812.0,-64524163535.0,45457606626.0,12207361780.0,199382031.0
MPETROLEUM,MEGHNA PETROLEUM LTD,11569083495.0,-3115534056.0,-1930232983.0,10949647910.0,619435585.0
TITASGAS,TITAS GAS TRANSMISSION AND DISTRIBUTION PLC,16155221885.0,-3596466890.0,-104927439.0,15144981660.0,1010240224.0
JAMUNAOIL,JAMUNA OIL COMPANY LTD,17607212572.0,7736036508.0,-1110036378.0,16873925749.999998,733286825.0
SHAHJABANK,SHAHJALAL ISLAMI BANK PLC,29744549385.0,-38776315195.0,11198893487.0,29463897910.0,280651475.0
UTTARABANK,UTTARA BANK PLC,12176370982.0,-34903813856.0,22189517726.0,11828517460.0,347853517.0
ALARABANK,AL-ARAFAH ISLAMI BANK PLC,27743080892.0,-27696044751.0,22430037178.0,26378711230.0,1364369664.0
PADMAOIL,PADMA OIL PLC,8756688000.0,-1655131000.0,-1370697000.0,7951893000.0,804795000.0
KOHINOOR,KOHINOOR CHEMICALS COMPANY (BANGLADESH) LTD.,1143343559.0,-519344482.0,-382625988.0,1108076490.0,35267071.0
JAMUNABANK,JAMUNA BANK PLC,-44444139554.0,2109819469.0,47909399332.0,-45586646940.0,1142507385.0
BSC,BANGLADESH SHIPPING CO LTD BSC,4129231323.0,1341224862.0,-5808435836.0,,0.0
TRUSTBANK,TRUST BANK PLC,12313637965.0,-75110888011.0,69774328374.0,12066691620.0,259818528.0
ACMELAB,THE ACME LABORATORIES LTD,2383096285.0,-3830508399.0,1433220125.0,-1405150700.0,3788246985.0
ACI,ADVANCED CHEMICAL INDUSTRIES PLC,-1748223078.0,-3996257008.0,6121156355.0,-4801772140.0,3053549065.0
IDLC,IDLC FINANCE PLC,2303855928.0,-22785636438.0,13162052241.0,2143935170.0000002,159920755.0
SUMITPOWER,SUMMIT POWER LTD,4236653443.9999995,3042806651.0,-6348150372.0,2947314020.0,1289339420.0
BESTHLDNG,BEST HOLDINGS PLC,1344951229.0,-2516278841.0,35037390.0,-797680740.0,2142631972.0000002
RECKITTBEN,RECKITT BENCKISER (BANGLADESH) PLC,,,,,
UCB,UNITED COMMERCIAL BANK LTD,19066386220.0,-47197276988.0,41793115909.0,,0.0
LINDEBD,LINDE BANGLADESH LTD,,,,,
HEIDELBCEM,HEIDELBERG MATERIALS BANGLADESH PLC,460497000.0,-332512000.0,-2274361000.0,460497000.0,332486000.0
MTB,MUTUAL TRUST BANK PLC,9893587605.0,-53060353082.0,49516482509.0,9248562100.0,645025505.0
NCCBANK,NATIONAL CREDIT AND COMMERCE BANK PLC,-3774292007.0,-23842292622.0,31696101911.0,-4076772210.0,302480199.0
DHAKABANK,DHAKA BANK PLC,-902264334.0,-28343816826.0,27187635268.0,-1215181570.0,312917233.0
SOUTHEASTB,SOUTHEAST BANK PLC,12415735254.0,-28361945877.0,23145562746.0,12217937290.0,197797963.0
MIDLANDBNK,MIDLAND BANK PLC,-6715036026.0,-1175580902.0,11779029481.0,-7342567270.0,627531241.0
NBL,NATIONAL BANK LTD,,,,,
KBPPWBIL,KHAN BROTHERS PP WOVEN BAG INDUSTRIES LTD,9663500.0,0.0,-9597859.0,9663500.0,0.0
IFIC,IFIC BANK PLC,-11124518463.0,16342587722.0,-36559339.9999998,-11789026300.0,664507840.0
BATASHOE,BATA SHOE CO (BANGLADESH) LTD,1221230065.0,-152812129.0,-1134066031.0,1066779900.0,157020395.0
NATLIFEINS,NATIONAL LIFE INSURANCE PLC,,,,,
UNIQUEHRL,UNIQUE HOTEL & RESORTS PLC,852416752.0,3235729215.0,-4292035328.0,526877629.99999994,311666723.0
RUPALIBANK,RUPALI BANK PLC,11663203363.0,-56038945110.0,53936017055.0,11198124660.0,465078699.0
SINGERBD,SINGER BANGLADESH LTD,117850912.0,-6051825172.0,443676317.0,-5936287270.0,6053375282.0
SQUARETEXT,SQUARE TEXTILES PLC,-1569925384.0,-1812889972.0,3548847103.0,-3387965360.0,1818039972.0
MERCANBANK,MERCANTILE BANK PLC,22794789288.0,-34542031522.0,19243805869.0,22571994500.0,222794786.0
DESCO,DHAKA ELECTRIC SUPPLY CO LTD,9563927429.0,-4160890458.0,-5822421552.0,9056614460.0,507312967.0
IBNSINA,THE IBN SINA PHARMACEUTICAL INDUSTRY PLC,732914294.0,-738703499.0,63546461.0,-82363890.0,815278180.0
ORIONINFU,ORION INFUSIONS LTD,2466751.0,-1129440.0,3106216.0,1710310.0,756436.9999999991
RAKCERAMIC,RAK CERAMICS (BANGLADESH) LTD,419119200.0,-283529237.0,-404165823.0,142368030.0,289050941.0
LANKABAFIN,LANKABANGLA FINANCE PLC,,,,,
GPHISPAT,GPH ISPAT LTD,483200399.0,-6050169191.0,6819630321.0,-5109798770.0,5593704121.0
DELTALIFE,DELTA LIFE INSURANCE CO LTD,-1315628685.0,1069084511.0,-921244304.0,-1335622220.0,19993533.0
PREMIERBAN,PREMIER BANK LTD,,,,,
ONEBANKPLC,ONE BANK PLC,165798906.999999,-11378310793.0,16806603717.999998,-334631150.0,500430060.0
SIBL,SOCIAL ISLAMI BANK PLC,-4902564604.0,35003058267.0,-101555153259.0,-5105078180.0,202513574.0
PTL,PARAMOUNT TEXTILE PLC ,1528010430.0,-2637109203.0,1536224342.0,-1462605920.0,2990616347.0
LOVELLO,TAUFIKA FOODS AND LOVELLO ICE-CREAM PLC,243394571.0,-219311746.0,-35001740.0,41543650.0,201850921.0
EHL,EASTERN HOUSING LTD,,,,,
EXIMBANK,EXPORT IMPORT BANK OF BANGLADESH PLC,30958110395.0,-24516881138.0,-22113435293.0,,0.0
DBH,DBH FINANCE PLC,1959293045.0,-7378448811.0,6060686533.0,1865487270.0,93805778.0
SPCL,SHAHJIBAZAR POWER CO LTD,-149319240.0,-169882822.0,241765526.0,-285006060.0,135686816.0
ENVOYTEX,ENVOY TEXTILES LTD,655906808.0,-553559658.0,-80313387.0,98154260.0,557752551.0
IPDC,IPDC FINANCE PLC,3693965855.0,-12622840552.0,6927665868.0,3664337300.0,29628558.0
STANDBANKL,STANDARD BANK PLC,14545313560.0,-10247928060.0,5317484624.0,,0.0
ORIONPHARM,ORION PHARMA LTD,1067966975.9999999,-2162434229.0,962168158.0,-978837720.0,2046804698.0
CROWNCEMNT,CROWN CEMENT PLC,1654394826.0,-1273232842.0,-436327014.0,116978430.0,1537416392.0
SEAPEARL,SEA PEARL BEACH RESORT & SPA LTD,393213359.0,-18883840.0,-408690189.0,-145352120.0,538565480.0
SBACBANK,SBAC BANK PLC,1346978895.441,-864203993.0,-2180996684.441,,0.0
JHRML,JMI HOSPITAL REQUISITE MANUFACTURING LTD,100496187.0,-527844162.0,273565016.0,-193663260.0,312050024.0
ACIFORMULA,ACI FORMULATIONS PLC,489299632.0,-80306565.0,-295276434.0,400771620.0,88528017.0
SONALIPAPR,SONALI PAPER & BOARD MILLS LTD,,,,,
IFADAUTOS,IFAD AUTOS PLC,-696349628.0,-464360355.0,719147064.0,-730883340.0,34533714.0
NRBBANK,NRB BANK PLC,4837760566.0,-14888009940.0,7513796236.0,4698121630.0,139638938.0
RELIANCINS,RELIANCE INSURANCE LTD,1407049112.0,-1580871771.0,-315655020.0,1336750480.0,70298634.0
NAVANAPHAR,NAVANA PHARMACEUTICALS LTD,1467647429.0,-1078772592.0,-519174222.0,361502940.0,1106144485.0
ABBANK,AB BANK PLC,-4119708644.9999995,-11731218823.0,11318419357.0,-4455798230.0,336089584.0
NRBCBANK,NRBC BANK PLC,-14767999529.0,4004154658.0,12838713760.0,-15287451670.0,519452139.0
MALEKSPIN,MALEK SPINNING MILLS PLC,-427242331.0,-2117229058.0,101911700.0,-2766346020.0,2339103692.0
SAPORTL,SUMMIT ALLIANCE PORT LTD,692568542.0,-81249253.0,-259741360.0,614111620.0,78456917.0
BPML,BASHUNDHARA PAPER MILLS LTD,-1279401692.0,-2205521993.0,3090903684.0,-3570286390.0,2290884700.0
SHARPIND,SMART INDUSTRIES PLC,74033287.9999999,-81033476.0,7594568.99999998,-57764480.0,131797764.0
KEYACOSMET,KEYA COSMETICS LTD,,,,,
ITC,IT CONSULTANTS PLC,610001745.0,-828316356.0,363314033.0,-19689690.0,632306356.0
MATINSPINN,MATIN SPINNING MILLS PLC,-492746020.0,-211064313.0,1130967952.0,-722204970.0,229458949.0
CONFIDCEM,CONFIDENCE CEMENT LTD,-216954649.0,-26105740.0,254017408.0,-219863910.0,2909259.0
PREMIERCEM,PREMIER CEMENT MILLS PLC,720246923.0,-2157870152.0,1262184480.0,-1255779150.0,1976026075.0
ADNTEL,ADN TELECOM LTD,446726200.0,-398180159.0,-71650662.0,90421820.0,356304380.0
JMISMDL,JMI SYRINGES & MEDICAL DEVICES LTD,91301392.39999999,-7743846.97,-16439876.64,81564220.0,9737168.479999999
GREENDELT,GREEN DELTA INSURANCE PLC,406264589.0,-15058729.0,-61085114.0,,
FIRSTSBANK,FIRST SECURITY ISLAMI BANK PLC,-15137257042.0,2770598667.0,-16338914656.0,-15476855630.0,339598592.0
DOREENPWR,DOREEN POWER GENERATIONS AND SYSTEMS LTD,1171314577.0,-983547115.0,-132841889.000001,899250910.0,272063670.0
PRAGATILIF,PRAGATI LIFE INSURANCE PLC,,,,,
CVOPRL,CVO PETROCHEMICAL REFINERY PLC,229908594.0,-8486956.0,-178479956.0,221649250.0,8259340.0
KPCL,KHULNA POWER CO LTD,295106813.0,-71245118.0,-104805371.0,218063540.0,77043269.0
TECHNODRUG,TECHNO DRUGS LTD.,,,,,
TAMIJTEX,TAMIJUDDIN TEXTILE MILLS PLC,401390235.0,-188361751.0,-358304544.0,213028480.0,188361751.0
EASTRNLUB,EASTERN LUBRICANTS BLENDERS PLC,90360000.0,-55557000.0,-12632000.0,90360000.0,0.0
PIONEERINS,PIONEER INSURANCE CO LTD,362938509.0,-50630583.0,-422324314.0,352037140.0,10901367.0
PRAGATIINS,PRAGATI INSURANCE LTD,115856519.0,-108852962.0,-251186884.0,93092520.0,22764004.0
MONOSPOOL,MONOSPOOL BANGLADESH PLC,-172651688.0,-209020965.0,350417050.0,-381860420.0,209208732.0
CITYGENINS,CITY INSURANCE PLC,192642218.0,-7524001.0,-81799346.0,191338010.0,1304212.0
FEKDIL,FAR EAST KNITTING & DYEING INDUSTRIES PLC.,,,,,
INDEXAGRO,INDEX AGRO INDUSTRIES LTD,-727216068.0,-167829088.0,875849476.0,-997623090.0,205504302.0
AFTABAUTO,AFTAB AUTOMOBILES LTD,9945044.999999989,-52735796.0,130560256.00000001,-42790750.0,52735796.0
APEXFOOT,APEX FOOTWEAR LTD,3038468854.0,-699074511.0,-2347214181.0,2339394340.0,699074511.0
BBSCABLES,BBS CABLES PLC,-8960601.0,-128867444.0,45448596.0,-137828040.0,128867444.0
MIRAKHTER,MIR AKHTER HOSSAIN LTD,1496637795.0,-1379013639.0,-54225850.0,1111447860.0,385189932.0
EPGL,ENERGYPAC POWER GENERATION PLC,-1147927653.0,378939841.0,731034366.0,,
ECABLES,EASTERN CABLES LTD,,,,,
RUNNERAUTO,RUNNER AUTOMOBILES PLC,1144341329.0,-287164552.0,-802330475.0,646693170.0,497648161.0
FARCHEM,FAR CHEMICALS INDUSTRIES LTD,-74446439.0,-40546752.0,-67624234.0,,0.0
MONNOCERA,MONNO CERAMIC INDUSTRIES LTD,-179783261.0,57513761.0,72841646.0,-312495740.0,132712481.0
RAHIMAFOOD,RAHIMA FOOD CORPORATION LTD,3016023.0,-18060.0,-16651957.0,2997960.0,18060.0
KDSALTD,KDS ACCESSORIES LTD,275339513.0,-12316158.0,-251160714.0,262652460.00000003,12687054.0
AMANFEED,AMAN FEED LTD,165505768.0,-1659647.0,-153618292.0,163846120.0,1659647.0
ESQUIRENIT,ESQUIRE KNIT COMPOSITE PLC,-443216277.0,-150451935.0,379915083.0,-658872910.0,215656636.0
LEGACYFOOT,LEGACY FOOTWEAR LTD,9906652.0,-74855589.0,-4348586.0,-36254050.0,46236754.0
QUASEMIND,QUASEM INDUSTRIES LTD,48804115.0,-35903790.0,-10637547.0,13823780.0,34980334.0
UNIONBANK,UNION BANK PLC,,,,,
GHAIL,GOLDEN HARVEST AGRO INDUSTRIES LTD,-286544048.0,37966005.0,205763226.0,-301567480.0,15023431.0
NTLTUBES,NATIONAL TUBES LTD,105319371.0,-9256157.0,-94676306.0,96063210.0,9256157.0
GIB,GLOBAL ISLAMI BANK PLC,15729723045.0,-13268886054.0,1823648652.0,15182826200.0,546896842.0
SPCERAMICS,SHINEPUKUR CERAMICS LTD,120252379.0,-3669171.0,-107948893.0,116133210.0,4119170.9999999995
NHFIL,NATIONAL HOUSING FINANCE PLC,368834160.0,202032734.0,-256418323.0,367186280.0,1647884.0
GENEXIL,GENEX INFOSYS PLC,404116815.0,-1055156766.0000001,616359681.0,-446889380.0,996366358.0
DAFODILCOM,DAFFODIL COMPUTERS PLC.,52964361.0,-18426421.0,-36472198.0,51393290.0,1571074.0
POPULARLIF,POPULAR LIFE INSURANCE CO LTD,,,,,
HWAWELLTEX,HWA WELL TEXTILES (BD)PLC,-168497247.0,-93622152.0,-111855220.0,-286419410.0,117922166.0
SHEPHERD,SHEPHERD INDUSTRIES PLC,57827232.0,56543575.0,-97775745.0,,0.0
SHASHADNIM,SHASHA DENIMS PLC,542547501.0,-583041759.0,15555682.0,-58207860.0,600755359.0
FORTUNE,FORTUNE SHOES LTD.,-136593390.0,16146973.0,155585427.0,-136593390.0,0.0
RUPALILIFE,RUPALI LIFE INSURANCE COMPANY LTD,,,,,
GQBALLPEN,GQ BALL PEN INDUSTRIES LTD,,,,,
ANWARGALV,ANWAR GALVANIZING LTD,-96138979.0,-218471648.0,295029099.0,-107266400.0,11127418.0
SAIFPOWER,SAIF POWERTEC LTD,,,,,
BARKAPOWER,BARAKA POWER LTD,1371678307.0,27740011.0,-1336073474.0,,0.0
ARGONDENIM,ARGON DENIMS LTD,-49709262.0,-46588290.0,94533693.0,-96297550.0,46588290.0
MEGHNALIFE,MEGHNA LIFE INSURANCE PLC,,,,,
SANDHANINS,SANDHANI LIFE INSURANCE CO LTD,,,,,
BPPL,BARAKA PATENGA POWER LTD,,,,,
AMBEEPHA,AMBEE PHARMACEUTICALS PLC,-50273194.0,-124093280.0,179013209.0,-76269470.0,25996280.0
SAIHAMCOT,SAIHAM COTTON MILLS LTD,-98195926.0,-312441000.0,492192822.0,-296049660.0,197853730.0
UNITEDFIN,UNITED FINANCE PLC,678913173.0,2316456523.0,-2947719286.0,633292200.0,45620969.0
KAY&QUE,KAY & QUE (BANGLADESH) LTD,28336108.0,11393091.0,-42044731.0,,1102771.0
SONALIANSH,SONALI AANSH INDUSTRIES LTD,,,,,
AIL,ALIF INDUSTRIES LTD,-37808225.0,0.0,11051134.0,-37808220.0,0.0
INTRACO,INTRACO REFUELING STATION LTD,-46785070.0,-619671119.0,613690737.0,-645798480.0,599013407.0
NPOLYMER,NATIONAL POLYMER INDUSTRIES PLC,495439671.0,-393748033.0,-95938296.0,145989780.0,349449888.0
DSSL,DRAGON SWEATER AND SPINNING LTD,18510665.0,0.0,-13859223.0,18510660.0,0.0
ACTIVEFINE,ACTIVE FINE CHEMICALS LTD,,,,,
EIL,EXPRESS INSURANCE LTD,138570504.0,-57465986.0,-45494164.0,120450050.0,18120454.0
MLDYEING,M.L. DYEING LTD,-242954668.0,-45861868.0,219664107.0,-288816540.0,45861868.0
WATACHEM,WATA CHEMICALS LTD ,419776777.0,-129823591.0,-243172784.0,291235750.0,128541028.00000001
ATLASBANG,ATLAS BANGLADESH LTD,,,,,
CENTRALINS,CENTRAL INSURANCE CO LTD,73627953.0,-45552560.0,-83633520.0,68550150.0,5077798.0
PHARMAID,PHARMA AIDS LTD ,-2340891.9999999898,-16323471.999999998,11513084.0,-19323700.0,16982810.0
GEMINISEA,GEMINI SEA FOOD PLC,20311641.0,-95000.0,-40006465.0,20216640.0,95000.0
FAREASTLIF,FAREAST ISLAMI LIFE INSURANCE CO LTD,,,,,
LRBDL,LUB-RREF (BANGLADESH) LTD,278341158.0,-1646828311.0,999963277.0,-1368487150.0,1646828312.0
UTTARAFIN,UTTARA FINANCE & INVESTMENTS LTD,,,,,
BDFINANCE,BANGLADESH FINANCE PLC,,,,,
BEACHHATCH,BEACH HATCHERY LTD,24596868.0,0.0,-27607229.0,,0.0
AMCLPRAN,AGRICULTURAL MARKETING COMPANY LTD (PRAN),-248842583.0,537.0,238294160.0,-248842500.0,-79.0
RAHIMTEXT,RAHIM TEXTILE MILLS LTD ,394478688.0,-418578306.0,38140512.0,-87601220.0,482079906.0
WMSHIPYARD,WESTERN MARINE SHIPYARD LTD,,,,,
SSSTEEL,S.S. STEEL LTD,-7347861298.0,2307253221.0,4775919943.0,-5759745560.0,-1588115733.0
QUEENSOUTH,QUEEN SOUTH TEXTILE MILLS LTD,,,,,
CRYSTALINS,CRYSTAL INSURANCE COMPANY LTD,,,,,
ICBIBANK,ICB ISLAMIC BANK LTD,-131088287.00000001,534100736.0,-269882190.0,-133034560.0,1946276.0
STANDARINS,STANDARD INSURANCE LTD,42675510.0,-50157649.0,-43461269.0,42517180.0,158333.0
GOLDENSON,GOLDEN SON LTD,-253734371.0,-302155997.0,520263723.0,-556956370.0,303221997.0
EMERALDOIL,EMERALD OIL INDUSTRIES LTD,,,,,
NTC,NATIONAL TEA CO LTD,,,,,
AGNISYSL,AGNI SYSTEMS PLC,102178227.0,-79564042.0,-31574339.0,28031000.0,80397222.0
ACFL,AMAN COTTON FIBROUS LTD,592083620.0,-221370501.0,-154767724.0,591640120.0,443499.0
SUNLIFEINS,SUNLIFE INSURANCE COMPANY LTD,,,,,
SALAMCRST,S. ALAM COLD ROLLED STEELS LTD,,,,,
RDFOOD,RANGPUR DAIRY & FOOD PRODUCTS LTD,78950145.0,-167930774.0,106908703.0,-88103410.0,168877421.0
BENGALWTL,BENGAL WINDSOR THERMOPLASTICS PLC,86540014.0,-3201943.0,-50422586.0,83338070.0,3201943.0
BNICL,BANGLADESH NATIONAL INSURANCE COMPANY LTD,332251648.0,-47477019.0,-88500000.0,330123830.0,2127819.0
UNITEDINS,UNITED INSURANCE CO LTD,151415967.0,-103929044.0,-45595067.0,147515380.0,3900587.0
FUWANGCER,FU-WANG CERAMIC INDUSTRY LTD,-236946943.0,-903893730.0,1114636684.0,-1963451200.0,1726504252.0
BBS,BANGLADESH BUILDING SYSTEMS LTD,167006431.0,60101175.0,-225741918.0,166566430.0,440000.0
OIMEX,OIMEX ELECTRODE LTD,,,,,
CLICL,CHARTERED LIFE INSURANCE PLC,135141385.0,-159058276.0,-7868022.0,133561000.0,1580384.0
MONNOAGML,MONNO AGRO & GENERAL MACHINERY LTD,3939397.0,-10832727.0,8365740.000000001,-6893330.0,10832727.0
AAMRANET,AAMRA NETWORKS LTD,64119090.999999896,-480717543.0,418101345.0,-551598450.0,615717543.0
SALVOCHEM,SALVO CHEMICAL INDUSTRY LTD,359853887.0,-292819438.0,-101306976.0,72655030.0,287198860.0
BGIC,BANGLADESH GENERAL INSURANCE COMPANY PLC,,,,,
BDLAMPS,BANGLADESH LAMPS PLC,-291646312.0,-77987364.0,-17442498.0,-372885140.0,81238830.0
ETL,EVINCE TEXTILES LTD,361243184.0,-338071193.0,-185990922.0,32171990.0,329071193.0
MONNOFABR,MONNO FABRICS LTD,22965526.0,-6296291.0,-23475186.0,16669239.999999998,6296291.0
RUPALIINS,RUPALI INSURANCE CO LTD,,,,,
FUWANGFOOD,FU-WANG FOODS LTD,,,,,
NAVANACNG,NAVANA CNG LTD,-532508887.99999994,-195651677.0,752222525.0,-781128180.0,248619288.0
SILVAPHL,SILVA PHARMACEUTICALS LTD,6049678.0,-27095290.0,-13204629.0,-24891390.0,30941073.0
RANFOUNDRY,RANGPUR FOUNDRY LTD,-38176774.0,0.0,-12481321.0,-38176770.0,0.0
SILCOPHL,SILCO PHARMACEUTICALS LTD,,,,,
BDTHAI,BANGLADESH THAI ALUMINIUM,-171191717.0,-11536149.0,176306471.0,-182727870.0,11536149.0
ISLAMIINS,ISLAMI INSURANCE BANGLADESH LTD,123085933.0,-102135911.0,-61747822.0,119808660.0,3277270.0
PARAMOUNT,PARAMOUNT INSURANCE PLC.,151266924.0,-113318976.0,-39869292.0,108749340.0,42517586.0
EGEN,EGENERATION PLC,,,,,
REPUBLIC,REPUBLIC INSURANCE COMPANY LTD,34211967.0,-39999308.0,-56835848.0,26525260.0,7686704.0
HAKKANIPUL,HAKKANI PULP & PAPER MILLS PLC,7381198.00000001,-29576688.0,47490654.0,-24803500.0,32184700.0
EASTLAND,EASTLAND INSURANCE PLC,79577091.0,-59157892.0,-60705424.0,,0.0
AOL,ASSOCIATED OXYGEN LTD,,,,,
MHSML,MOZAFFAR HOSSAIN SPINNING MILLS LTD,-136032494.0,-61709955.0,128621321.99999999,-196759010.0,60726517.0
DOMINAGE,DOMINAGE STEEL BUILDING SYSTEMS LTD,37024355.0,-127998325.0,-3002556.0,-90973970.0,127998325.0
PEOPLESINS,PEOPLES INSURANCE CO LTD,265196504.0,-139423771.0,-46200000.0,196018020.0,69178482.0
IBP,INDO-BANGLA PHARMACEUTICALS LTD,10043693.0,0.0,-15296021.0,10043690.0,0.0
RINGSHINE,RING SHINE TEXTILES LTD,-859309443.0,-28777394.0,1422778502.0,-886463380.0,27153941.0
MAKSONSPIN,MAKSONS SPINNING MILLS PLC,,,,,
SAMORITA,SAMORITA HOSPITAL LTD,27698386.0,-25044640.0,-32041806.0,6279590.0,24715640.0
ALIF,ALIF MANUFACTURING COMPANY LTD,395453024.0,-5832583.0,-1131340681.0,387628810.0,7824211.0
DACCADYE,THE DACCA DYEING & MANUFACTURING CO LTD,,,,,
APEXFOODS,APEX FOODS LTD,-12528530.0,-65110187.99999999,46626469.0,-24505010.0,11976485.0
DHAKAINS,DHAKA INSURANCE LTD,102043961.0,-6761483.0,-71361908.0,101723820.0,320142.0
FEDERALINS,FEDERAL INSURANCE PLC,,,,,
KTL,KATTALI TEXTILE LTD,,,,,
PRIMEINSUR,PRIME INSURANCE CO LTD,-191042196.0,88914651.0,-49417213.0,-274880120.0,83837920.0
BDCOM,BDCOM ONLINE LTD,85480052.0,-92330556.0,24352665.0,-4860750.0,90340806.0
TAKAFULINS,TAKAFUL ISLAMI INSURANCE PLC,111044423.0,15234473.0,-65736976.99999999,106234190.0,4810237.0
ASIAPACINS,ASIA PACIFIC GENERAL INSURANCE CO LTD,12428993.0,-8754494.0,-50722111.0,-19564940.0,31993936.0
GHCL,GLOBAL HEAVY CHEMICALS LTD ,-10745808.0,-3081057.0,21735726.0,-13826860.0,3081057.0
NAHEEACP,NAHEE ALUMINUM COMPOSITE PANEL PLC,554394.0000000091,-18600555.0,-26846230.0,-18046160.0,18600555.0
SIMTEX,SIMTEX INDUSTRIES PLC,75520759.0,-66680466.99999999,570710.0000000021,23069200.0,52451558.0
RENWICKJA,RENWICK JAJNESWAR & CO (BD) LTD,,,,,
ADVENT,ADVENT PHARMA LTD,87486229.0,-71885842.0,-16314532.0,12900390.0,74585842.0
KARNAPHULI,KARNAPHULI INSURANCE PLC,83137909.0,-48450977.0,-44876113.0,65748480.0,17389434.0
SINOBANGLA,SINOBANGLA INDUSTRIES LTD,24824145.0,-26336712.0,-151821121.0,14778130.0,10046019.0
ARAMIT,ARAMIT LTD,52573223.0,-24780949.0,-11776860.0,25672010.0,26901216.0
SAIHAMTEX,SAIHAM TEXTILE MILLS LTD ,756080798.0,-26279394.0,-713258838.0,725838010.0,30242786.0
COPPERTECH,COPPERTECH INDUSTRIES LTD,-1004726.9999999999,-19746963.0,33578686.0,-13397470.0,12392742.0
MEGHNACEM,MEGHNA CEMENT MILLS PLC,-2235815751.0,-179825044.0,2276277222.0,-2429249660.0,193433913.0
TOSRIFA,TOSRIFA INDUSTRIES LTD,253370843.0,-109043882.0,37790477.0,144326960.0,109043882.0
APEXSPINN,APEX SPINNING & KNITTING MILLS LTD,148058303.0,-92846797.0,-61222925.0,60011880.0,88046420.0
GENNEXT,GENERATION NEXT FASHIONS LTD,,,,,
APOLOISPAT,APPOLLO ISPAT COMPLEX LTD,,,,,
PROVATIINS,PROVATI INSURANCE CO LTD,85998418.0,81297335.0,-94683968.0,,0.0
PENINSULA,THE PENINSULA CHITTAGONG PLC,110003282.0,-788107202.0,698042225.0,-725101920.0,835105204.0
CENTRALPHL,CENTRAL PHARMACEUTICALS LTD,,,,,
PRIMELIFE,PRIME ISLAMI LIFE INSURANCE LTD,-57594425.0,-2528234.0,-12934098.0,-64897470.0,7303042.0
KPPL,KHULNA PRINTING & PACKAGING LTD,,,,,
YPL,YEAKIN POLYMER LTD,,,,,
DESHBANDHU,DESHBANDHU POLYMER LTD,,,,,
APEXTANRY,APEX TANNERY LTD ,-178586153.0,-119033654.0,280245855.0,-317286800.0,138700650.0
NORTHRNINS,NORTHERN ISLAMI INSURANCE PLC,,,,,
ASIAINS,ASIA INSURANCE LTD,,,,,
OAL,OLYMPIC ACCESSORIES LTD,-12937503.0,-424243.0,11793157.0,-12937500.0,0.0
STYLECRAFT,STYLECRAFT LTD ,-26472087.0,-44800.0,36226736.0,-26516890.0,44800.0
JANATAINS,JANATA INSURANCE PLC,38914575.0,-2454793.0,-45198105.0,36459780.0,2454793.0
PDL,PACIFIC DENIMS LTD,,,,,
NITOLINS,NITOL INSURANCE CO LTD,9342803.0,-30378836.0,-23115540.0,-280003310.0,289346117.0
PRIMEFIN,PRIME FINANCE & INVESTMENT LTD,,,,,
GLOBALINS,GLOBAL INSURANCE COMPANY LTD,6258463.000000009,-20725158.0,-17809343.0,5345530.0,912929.0
SONARBAINS,SONAR BANGLA INSURANCE LTD,,,,,
ISLAMICFIN,ISLAMIC FINANCE & INVESTMENT PLC,-45743186.0,523855889.00000006,-752994045.0,-42666140.0,-3077044.0
PURABIGEN,PURABI GENERAL INSURANCE CO LTD,,,,,
MERCINS,MERCANTILE INSURANCE COMPANY PLC,91525862.0,-18060940.0,-49939669.0,87137770.0,4388087.0
CONTININS,CONTINENTAL INSURANCE PLC,-23078086.0,-41571357.0,-12941770.0,-42183330.0,19105247.0
PHENIXINS,PHOENIX INSURANCE CO LTD,-23301358.0,-11353597.0,-49316387.0,-34846030.0,11544669.0
SAMATALETH,SAMATA LEATHER COMPLEX LTD,,,,,
MIDASFIN,MIDAS FINANCING PLC,226244204.0,491899718.0,-236190805.0,226048230.0,195977.0
RSRMSTEEL,RATANPUR STEEL RE-ROLLING MILLS LTD,,,,,
MIRACLEIND,MIRACLE INDUSTRIES LTD,-21985161.0,3200000.0,27798222.0,,0.0
DSHGARME,DESH GARMENTS LTD ,-89462431.0,-5429296.0,45735910.0,-94962450.0,5500015.0
NFML,NATIONAL FEED MILL LTD,,,,,
PHPMF1,PHP FIRST MUTUAL FUND,,,,,
AFCAGRO,AFC AGRO BIOTECH LTD,,,,,
BANGAS,BANGAS LTD,,,,,
AGRANINS,AGRANI INSURANCE CO LTD,,,,,
DGIC,DESH GENERAL INSURANCE COMPANY LTD,,,,,
SICL,SIKDER INSURANCE COMPANY LIMITED,,,,,
AAMRATECH,AAMRA TECHNOLOGIES LTD,322410750.0,0.0,-322139032.0,322410750.0,0.0
SKTRIMS,SK TRIMS & INDUSTRIES LTD,,,,,
PROGRESLIF,PROGRESSIVE LIFE INSURANCE CO LTD,,,,,
GSPFINANCE,GSP FINANCE COMPANY (BANGLADESH) LTD,,,,,
HRTEX,H.R.TEXTILE MILLS LTD,,,,,
FAMILYTEX,FAMILYTEX (BD) LTD,,,,,
UNIONCAP,UNION CAPITAL LTD,,,,,
PADMALIFE,PADMA ISLAMI LIFE INSURANCE LIMITED,,,,,
ZAHEENSPIN,ZAHEEN SPINNING PLC,,,,,
VFSTDL,VFS THREAD DYEING LTD,,,,,
HFL,HAMID FABRICS PLC,,,,,
CNATEX,C & A TEXTILES LTD,,,,,
GBBPOWER,GBB POWER LTD,148101249.0,-184363185.0,-24842447.0,122902950.0,25198298.0
INTECH,INTECH LTD,,,,,
METROSPIN,METRO SPINNING LTD,-62536824.0,-152303294.0,203226991.0,,
STANCERAM,STANDARD CERAMIC INDUSTRIES LTD,,,,,
BAYLEASING,BAY LEASING & INVESTMENT LTD,,,,,
ALLTEX,ALLTEX INDUSTRIES LTD,,,,,
USMANIAGL,USMANIA GLASS SHEET FACTORY LTD,,,,,
BIFC,BANGLADESH INDUSTRIAL FINANCE CO LTD,,,,,
PHOENIXFIN,PHOENIX FINANCE AND INVESTMENTS LTD,,,,,
ILFSL,INTERNATIONAL LEASING & FINANCIAL SERVICES LTD,-1374351305.0,-419379047.0,1122396791.0,-1374351300.0,0.0
PLFSL,PEOPLE'S LEASING & FINANCIAL SERVICES LTD,,,,,
TALLUSPIN,TALLU SPINNING MILLS LTD ,,,,,
NEWLINE,NEW LINE CLOTHINGS LTD,,,,,
PRIMETEX,PRIME TEXTILE SPINNING MILLS LTD,,,,,
FAREASTFIN,FAREAST FINANCE & INVESTMENT LTD,-325215326.0,61537026.0,62528318.0,-325215330.0,0.0
ZEALBANGLA,ZEAL BANGLA SUGAR MILLS LTD,,,,,
IFILISLMF1,IFIL ISLAMIC MUTUAL FUND - 1,,,,,
REGENTTEX,REGENT TEXTILE MILLS LTD,,,,,
ARAMITCEM,ARAMIT CEMENT LTD,-234181791.0,-189082411.0,407275778.0,-234243790.0,62000.0
SHURWID,SHURWID INDUSTRIES LTD,,,,,
FASFIN,FAS FINANCE & INVESTMENT LTD,,,,,
PREMIERLEA,PREMIER LEASING & FINANCE LTD,,,,,
NURANI,NURANI DYEING & SWEATER LTD ,,,,,
ZAHINTEX,ZAHINTEX INDUSTRIES LTD,,,,,
TUNGHAI,TUNG HAI KNITTING & DYEING LTD,,,,,
ICB3RDNRB,ICB AMCL THIRD NRB MUTUAL FUND,,,,,
FBFIF,FIRST BANGLADESH FIXED INCOME FUND,,,,,
BDAUTOCA,BANGLADESH AUTOCARS LTD,,,,,
MAGURAPLEX,MAGURA MULTIPLEX PLC,,,,,
DELTASPINN,DELTA SPINNERS LTD,,,,,
CAPITECGBF,CAPITEC GRAMEEN BANK GROWTH FUND,,,,,
SIPLC,SENA INSURANCE PLC,,,,,
CAPMIBBLMF,CAPM IBBL ISLAMIC MUTUAL FUND,,,,,
UNIONINS,UNION INSURANCE CO. LTD,,,,,
FIRSTFIN,FIRST FINANCE LTD,,,,,
ISNLTD,INFORMATION SERVICES NETWORK LTD,,,,,
HAMI,HAMI INDUSTRIES PLC,,,,,
ICBEPMF1S1,ICB EMPLOYEES PROVIDENT MUTUAL FUND ONE,,,,,
MITHUNKNIT,MITHUN KNITTING AND DYEING LTD,,,,,
GRAMEENS2,GRAMEEN MUTUAL FUND ONE - GRAMEEN TWO,,,,,
AZIZPIPES,AZIZ PIPES LTD,,,,,
RELIANCE1,RELIANCE INSURANCE MUTUAL FUND,,,,,
MEGHNAPET,MEGHNA PET INDUSTRIES LTD,,,,,
MEGCONMILK,MEGHNA CONDENSED MILK INDUSTRIES LTD,,,,,
SONALILIFE,SONALI LIFE INSURANCE COMPANY LTD,,,,,
SONARGAON,SONARGAON TEXTILES LTD,,,,,
AL-HAJTEX,AL-HAJ TEXTILE MILLS LTD,,,,,
EBLNRBMF,EBL NRB MUTUAL FUND,,,,,
TRUSTB1MF,TRUST BANK 1ST MUTUAL FUND,,,,,
ABB1STMF,AB BANK 1ST MUTUAL FUND,,,,,
LRGLOBMF1,LR GLOBAL BANGLADESH MUTUAL FUND ONE,,,,,
DULAMIACOT,DULAMIA COTTON SPINNING MILLS LTD,,,,,
TILIL,TRUST ISLAMI LIFE INSURANCE LTD,,,,,
SEMLLECMF,SEML LECTURE EQUITY MANAGEMENT FUND,,,,,
AIBL1STIMF,AIBL 1ST ISLAMIC MUTUAL FUND,,,,,
VAMLBDMF1,VANGUARD AML BD FINANCE MUTUAL FUND ONE,,,,,
NCCBLMF1,NCCBL MUTUAL FUND-1,,,,,
ACMEPL,ACME PESTICIDES LTD,,,,,
DBH1STMF,DBH FIRST MUTUAL FUND,,,,,
MBL1STMF,MBL 1ST MUTUAL FUND,,,,,
SEMLFBSLGF,SEML FBLSL GROWTH FUND,,,,,
IFIC1STMF,IFIC BANK 1ST MUTUAL FUND,,,,,
1JANATAMF,FIRST JANATA BANK MUTUAL FUND,,,,,
JUTESPINN,JUTE SPINNERS LTD ,,,,,
ICICL,ISLAMI COMMERCIAL INSURANCE PLC.,,,,,
ICBSONALI1,ICB AMCL SONALI BANK LTD 1ST MUTUAL FUND,,,,,
ICBAGRANI1,ICB AMCL FIRST AGRANI BANK MUTUAL FUND,,,,,
PRIME1ICBA,PRIME BANK 1ST ICB AMCL MUTUAL FUND,,,,,
SAFKOSPINN,SAFKO SPINNINGS MILLS LTD,,,,,
EXIM1STMF,EXIM BANK 1ST MUTUAL FUND,,,,,
BDWELDING,BANGLADESH WELDING ELECTRODES LTD,,,,,
GLDNJMF,ICB AMCL CMSF GOLDEN JUBILEE MUTUAL FUND,,,,,
SHYAMPSUG,SHYAMPUR SUGAR MILLS LTD,,,,,
MEGHNAINS,MEGHNA INSURANCE COMPANY LTD,,,,,
LIBRAINFU,LIBRA INFUSIONS LTD,,,,,
1STPRIMFMF,PRIME FINANCE FIRST MUTUAL FUND,,,,,
FINEFOODS,FINE FOODS LTD,,,,,
ASIATICLAB,ASIATIC LABORATORIES LTD,,,,,
EASTERNINS,EASTERN INSURANCE CO LTD,,,,,
BDTHAIFOOD,BD THAI FOOD & BEVERAGE LTD,,,,,
CAPMBDBLMF,CAPM BDBL MUTUAL FUND 01,,,,,
POPULAR1MF,POPULAR LIFE FIRST MUTUAL FUND,,,,,
ICBAMCL2ND,ICB AMCL SECOND MUTUAL FUND,,,,,
NORTHERN,NORTHERN JUTE MANUFACTURING CO LTD,,,,,
PF1STMF,PHOENIX FINANCE 1ST MUTUAL FUND,,,,,
ANLIMAYARN,ANLIMAYARN DYEING LTD.,,,,,
VAMLRBBF,VANGUARD AML RUPALI BANK BALANCED FUND,,,,,
EBL1STMF,EBL FIRST MUTUAL FUND,,,,,
GREENDELMF,GREEN DELTA MUTUAL FUND,,,,,
SEMLIBBLSF,SEML IBBL SHARIAH FUND,,,,,
